Group,Conversion Rate
Control,0.4857142857142857
Test,0.5117647058823529
